_MEMBER_MyList,_LogP_MyList,GO,Description,_PATTERN_,_RANK_,GiniIndex
1,-5.1,R-MMU-198933,Immunoregulatory interactions between a Lymphoid and a non-Lymphoid cell,M1,1,0
1,-4.1,R-MMU-166663,Initial triggering of complement,M1,1,0
1,-3,R-MMU-4420097,VEGFA-VEGFR2 Pathway,M1,1,0
1,-3,GO:0001912,positive regulation of leukocyte mediated cytotoxicity,M1,1,0
1,-4.9,GO:0002768,immune response-regulating cell surface receptor signaling pathway,M1,1,0
1,-3,GO:0032735,positive regulation of interleukin-12 production,M1,1,0
1,-3.3,mmu04613,Neutrophil extracellular trap formation,M1,1,0
1,-4.6,GO:0001910,regulation of leukocyte mediated cytotoxicity,M1,1,0
1,-2.8,R-MMU-373755,Semaphorin interactions,M1,1,0
1,-2.3,GO:0030100,regulation of endocytosis,M1,1,0
1,-13,GO:0002694,regulation of leukocyte activation,M1,1,0
1,-3.8,GO:0070098,chemokine-mediated signaling pathway,M1,1,0
1,-6.8,GO:0002700,regulation of production of molecular mediator of immune response,M1,1,0
1,-4.8,GO:0032642,regulation of chemokine production,M1,1,0
1,-4.1,GO:0071674,mononuclear cell migration,M1,1,0
1,-2,WP4466,Oxidative stress and redox pathway,M1,1,0
1,-16,GO:0002252,immune effector process,M1,1,0
1,-3,GO:0046631,alpha-beta T cell activation,M1,1,0
1,-2.7,GO:1902106,negative regulation of leukocyte differentiation,M1,1,0
1,-4.3,GO:0030099,myeloid cell differentiation,M1,1,0
1,-4.1,GO:0008285,negative regulation of cell population proliferation,M1,1,0
1,-7.7,GO:1903037,regulation of leukocyte cell-cell adhesion,M1,1,0
1,-6.2,GO:1903039,positive regulation of leukocyte cell-cell adhesion,M1,1,0
1,-2.6,GO:0002639,positive regulation of immunoglobulin production,M1,1,0
1,-8.7,R-MMU-1280218,Adaptive Immune System,M1,1,0
1,-3.6,GO:0030217,T cell differentiation,M1,1,0
1,-4.4,GO:0002861,regulation of inflammatory response to antigenic stimulus,M1,1,0
1,-2.1,GO:0007033,vacuole organization,M1,1,0
1,-5.5,GO:0042098,T cell proliferation,M1,1,0
1,-2.8,GO:0030316,osteoclast differentiation,M1,1,0
1,-6.8,GO:0002831,regulation of response to biotic stimulus,M1,1,0
1,-3,GO:0032733,positive regulation of interleukin-10 production,M1,1,0
1,-4.5,GO:0009595,detection of biotic stimulus,M1,1,0
1,-2.2,GO:0140352,export from cell,M1,1,0
1,-4.3,GO:0002883,regulation of hypersensitivity,M1,1,0
1,-4.5,GO:0045785,positive regulation of cell adhesion,M1,1,0
1,-2.5,GO:0032655,regulation of interleukin-12 production,M1,1,0
1,-2.9,GO:0034612,response to tumor necrosis factor,M1,1,0
1,-9.3,GO:0032103,positive regulation of response to external stimulus,M1,1,0
1,-5.3,GO:0010942,positive regulation of cell death,M1,1,0
1,-6.4,GO:0002270,plasmacytoid dendritic cell activation,M1,1,0
1,-9.4,GO:0002643,regulation of tolerance induction,M1,1,0
1,-2.7,GO:1903707,negative regulation of hemopoiesis,M1,1,0
1,-3.2,GO:0043065,positive regulation of apoptotic process,M1,1,0
1,-5.6,GO:0002281,macrophage activation involved in immune response,M1,1,0
1,-11,GO:0050766,positive regulation of phagocytosis,M1,1,0
1,-4.6,GO:0070372,regulation of ERK1 and ERK2 cascade,M1,1,0
1,-6.6,GO:0032945,negative regulation of mononuclear cell proliferation,M1,1,0
1,-3.2,GO:0031342,negative regulation of cell killing,M1,1,0
1,-3.9,GO:2000377,regulation of reactive oxygen species metabolic process,M1,1,0
1,-4.3,GO:0002507,tolerance induction,M1,1,0
1,-4.5,GO:0002712,regulation of B cell mediated immunity,M1,1,0
1,-6.1,GO:0032663,regulation of interleukin-2 production,M1,1,0
1,-5.2,GO:0002823,negative regulation of adaptive immune response based on somatic recombination of immune receptors built from immunoglobulin superfamily domains,M1,1,0
1,-3,GO:0001562,response to protozoan,M1,1,0
1,-2.1,GO:0007040,lysosome organization,M1,1,0
1,-2.1,GO:0080171,lytic vacuole organization,M1,1,0
1,-3.9,GO:0002708,positive regulation of lymphocyte mediated immunity,M1,1,0
1,-8.7,GO:0042110,T cell activation,M1,1,0
1,-4.3,GO:0048143,astrocyte activation,M1,1,0
1,-6.3,GO:0022407,regulation of cell-cell adhesion,M1,1,0
1,-4.6,GO:0032732,positive regulation of interleukin-1 production,M1,1,0
1,-5.7,GO:0043378,"positive regulation of CD8-positive, alpha-beta T cell differentiation",M1,1,0
1,-5.9,GO:0070374,positive regulation of ERK1 and ERK2 cascade,M1,1,0
1,-2.2,GO:0032677,regulation of interleukin-8 production,M1,1,0
1,-5,GO:0002888,positive regulation of myeloid leukocyte mediated immunity,M1,1,0
1,-7.8,GO:0071219,cellular response to molecule of bacterial origin,M1,1,0
1,-5.5,GO:0002698,negative regulation of immune effector process,M1,1,0
1,-4.3,GO:0032729,positive regulation of interferon-gamma production,M1,1,0
1,-3.9,GO:0031343,positive regulation of cell killing,M1,1,0
1,-9.3,GO:0051250,negative regulation of lymphocyte activation,M1,1,0
1,-2.3,GO:2000107,negative regulation of leukocyte apoptotic process,M1,1,0
1,-2.5,R-MMU-2172127,DAP12 interactions,M1,1,0
1,-4.8,R-MMU-977606,Regulation of Complement cascade,M1,1,0
1,-2.4,GO:0001816,cytokine production,M1,1,0
1,-4.5,R-MMU-168898,Toll-like Receptor Cascades,M1,1,0
1,-6.5,GO:0032944,regulation of mononuclear cell proliferation,M1,1,0
1,-3.7,GO:0043300,regulation of leukocyte degranulation,M1,1,0
1,-11,GO:0002250,adaptive immune response,M1,1,0
1,-3.6,GO:0060143,positive regulation of syncytium formation by plasma membrane fusion,M1,1,0
1,-3,R-MMU-1236975,Antigen processing-Cross presentation,M1,1,0
1,-3.6,GO:0046634,regulation of alpha-beta T cell activation,M1,1,0
1,-4.2,GO:0045055,regulated exocytosis,M1,1,0
1,-6.7,GO:0006897,endocytosis,M1,1,0
1,-3.8,GO:0071404,cellular response to low-density lipoprotein particle stimulus,M1,1,0
1,-3.5,GO:0045582,positive regulation of T cell differentiation,M1,1,0
1,-3.9,GO:0002891,positive regulation of immunoglobulin mediated immune response,M1,1,0
1,-4.2,GO:0043299,leukocyte degranulation,M1,1,0
1,-8.8,GO:0002443,leukocyte mediated immunity,M1,1,0
1,-2.8,GO:0048660,regulation of smooth muscle cell proliferation,M1,1,0
1,-5.2,GO:0042330,taxis,M1,1,0
1,-4.4,R-MMU-9013404,RAC2 GTPase cycle,M1,1,0
1,-3.1,R-MMU-9013423,RAC3 GTPase cycle,M1,1,0
1,-5.6,GO:0002577,regulation of antigen processing and presentation,M1,1,0
1,-4.6,GO:0002763,positive regulation of myeloid leukocyte differentiation,M1,1,0
1,-2.9,GO:0062208,positive regulation of pattern recognition receptor signaling pathway,M1,1,0
1,-4.8,GO:0014002,astrocyte development,M1,1,0
1,-5.1,GO:1903131,mononuclear cell differentiation,M1,1,0
1,-3.1,GO:0030098,lymphocyte differentiation,M1,1,0
1,-3.2,GO:0006801,superoxide metabolic process,M1,1,0
1,-3.2,GO:0060142,regulation of syncytium formation by plasma membrane fusion,M1,1,0
1,-3.4,WP374,Prostaglandin synthesis and regulation,M1,1,0
1,-2.4,GO:0050854,regulation of antigen receptor-mediated signaling pathway,M1,1,0
1,-2.2,GO:0030641,regulation of cellular pH,M1,1,0
1,-2.8,GO:0009268,response to pH,M1,1,0
1,-6.7,GO:0050868,negative regulation of T cell activation,M1,1,0
1,-4.4,GO:0033004,negative regulation of mast cell activation,M1,1,0
1,-3.5,GO:0050864,regulation of B cell activation,M1,1,0
1,-4.1,GO:0045619,regulation of lymphocyte differentiation,M1,1,0
1,-5.3,GO:0002761,regulation of myeloid leukocyte differentiation,M1,1,0
1,-2.6,mmu04670,Leukocyte transendothelial migration,M1,1,0
1,-11,GO:0050764,regulation of phagocytosis,M1,1,0
1,-6.3,GO:1903038,negative regulation of leukocyte cell-cell adhesion,M1,1,0
1,-3.6,GO:0072676,lymphocyte migration,M1,1,0
1,-5,GO:0043408,regulation of MAPK cascade,M1,1,0
1,-3.6,GO:0021782,glial cell development,M1,1,0
1,-4.6,GO:0045766,positive regulation of angiogenesis,M1,1,0
1,-2.7,GO:0045058,T cell selection,M1,1,0
1,-13,GO:0002263,cell activation involved in immune response,M1,1,0
1,-3.9,GO:0002714,positive regulation of B cell mediated immunity,M1,1,0
1,-5.5,GO:1901216,positive regulation of neuron death,M1,1,0
1,-2.3,mmu05221,Acute myeloid leukemia,M1,1,0
1,-2.7,GO:0051091,positive regulation of DNA-binding transcription factor activity,M1,1,0
1,-4.4,GO:0032494,response to peptidoglycan,M1,1,0
1,-4.1,GO:2001185,"regulation of CD8-positive, alpha-beta T cell activation",M1,1,0
1,-2.9,GO:0046006,regulation of activated T cell proliferation,M1,1,0
1,-13,GO:1903557,positive regulation of tumor necrosis factor superfamily cytokine production,M1,1,0
1,-13,GO:0002366,leukocyte activation involved in immune response,M1,1,0
1,-6.2,GO:0070663,regulation of leukocyte proliferation,M1,1,0
1,-5.2,GO:0043376,"regulation of CD8-positive, alpha-beta T cell differentiation",M1,1,0
1,-5.3,mmu04610,Complement and coagulation cascades,M1,1,0
1,-14,GO:0032680,regulation of tumor necrosis factor production,M1,1,0
1,-3.7,GO:0032731,positive regulation of interleukin-1 beta production,M1,1,0
1,-4.1,GO:0002429,immune response-activating cell surface receptor signaling pathway,M1,1,0
1,-2.9,GO:0008064,regulation of actin polymerization or depolymerization,M1,1,0
1,-6,GO:0006898,receptor-mediated endocytosis,M1,1,0
1,-2.6,GO:0043523,regulation of neuron apoptotic process,M1,1,0
1,-7,GO:0002521,leukocyte differentiation,M1,1,0
1,-2.7,GO:0002709,regulation of T cell mediated immunity,M1,1,0
1,-5.9,GO:0043410,positive regulation of MAPK cascade,M1,1,0
1,-3.5,GO:0150077,regulation of neuroinflammatory response,M1,1,0
1,-5.5,GO:0042129,regulation of T cell proliferation,M1,1,0
1,-16,WP3626,Microglia pathogen phagocytosis pathway,M1,1,0
1,-2.7,GO:0110053,regulation of actin filament organization,M1,1,0
1,-2.7,GO:0099024,plasma membrane invagination,M1,1,0
1,-4.2,GO:0071396,cellular response to lipid,M1,1,0
1,-2.3,GO:2000514,"regulation of CD4-positive, alpha-beta T cell activation",M1,1,0
1,-3.4,GO:0050829,defense response to Gram-negative bacterium,M1,1,0
1,-3.2,GO:0045672,positive regulation of osteoclast differentiation,M1,1,0
1,-7,GO:0098883,synapse pruning,M1,1,0
1,-5.3,GO:0031341,regulation of cell killing,M1,1,0
1,-5.3,GO:0032930,positive regulation of superoxide anion generation,M1,1,0
1,-2,R-MMU-418594,G alpha (i) signalling events,M1,1,0
1,-5.8,GO:0150076,neuroinflammatory response,M1,1,0
1,-2.1,GO:0008283,cell population proliferation,M1,1,0
1,-6.9,GO:0002706,regulation of lymphocyte mediated immunity,M1,1,0
1,-8.1,GO:1990266,neutrophil migration,M1,1,0
1,-4.1,GO:0002757,immune response-activating signal transduction,M1,1,0
1,-2.7,mmu04062,Chemokine signaling pathway,M1,1,0
1,-3.1,GO:0032946,positive regulation of mononuclear cell proliferation,M1,1,0
1,-6.8,GO:0002283,neutrophil activation involved in immune response,M1,1,0
1,-2.4,GO:0001959,regulation of cytokine-mediated signaling pathway,M1,1,0
1,-2.1,GO:0043547,positive regulation of GTPase activity,M1,1,0
1,-4.9,GO:0032755,positive regulation of interleukin-6 production,M1,1,0
1,-6.6,GO:0001774,microglial cell activation,M1,1,0
1,-4,GO:0002923,regulation of humoral immune response mediated by circulating immunoglobulin,M1,1,0
1,-4.3,GO:1903978,regulation of microglial cell activation,M1,1,0
1,-5.4,GO:0032693,negative regulation of interleukin-10 production,M1,1,0
1,-8.6,GO:0048002,antigen processing and presentation of peptide antigen,M1,1,0
1,-6.2,GO:1903708,positive regulation of hemopoiesis,M1,1,0
1,-4.9,GO:0002449,lymphocyte mediated immunity,M1,1,0
1,-4.5,GO:0097028,dendritic cell differentiation,M1,1,0
1,-2.6,mmu04650,Natural killer cell mediated cytotoxicity,M1,1,0
1,-10,GO:0046649,lymphocyte activation,M1,1,0
1,-4.3,GO:0002285,lymphocyte activation involved in immune response,M1,1,0
1,-3.7,GO:0002710,negative regulation of T cell mediated immunity,M1,1,0
1,-4.8,GO:0002444,myeloid leukocyte mediated immunity,M1,1,0
1,-9.3,GO:0002237,response to molecule of bacterial origin,M1,1,0
1,-8.6,GO:0030593,neutrophil chemotaxis,M1,1,0
1,-5.1,GO:0050727,regulation of inflammatory response,M1,1,0
1,-2.9,GO:0062207,regulation of pattern recognition receptor signaling pathway,M1,1,0
1,-3.2,GO:0045765,regulation of angiogenesis,M1,1,0
1,-2.9,mmu05171,Coronavirus disease - COVID-19,M1,1,0
1,-5.6,GO:0045576,mast cell activation,M1,1,0
1,-6,GO:1901224,positive regulation of NIK/NF-kappaB signaling,M1,1,0
1,-3.2,GO:0002286,T cell activation involved in immune response,M1,1,0
1,-4.7,R-MMU-166786,Creation of C4 and C2 activators,M1,1,0
1,-4.9,GO:0032943,mononuclear cell proliferation,M1,1,0
1,-3.5,GO:1990869,cellular response to chemokine,M1,1,0
1,-2.7,R-MMU-375276,Peptide ligand-binding receptors,M1,1,0
1,-2.7,GO:0002673,regulation of acute inflammatory response,M1,1,0
1,-2.6,GO:0042113,B cell activation,M1,1,0
1,-7.4,GO:0002460,adaptive immune response based on somatic recombination of immune receptors built from immunoglobulin superfamily domains,M1,1,0
1,-4.5,GO:0002886,regulation of myeloid leukocyte mediated immunity,M1,1,0
1,-7.3,GO:0042742,defense response to bacterium,M1,1,0
1,-8.6,GO:0045730,respiratory burst,M1,1,0
1,-3.4,GO:0001911,negative regulation of leukocyte mediated cytotoxicity,M1,1,0
1,-4.5,R-MMU-416700,Other semaphorin interactions,M1,1,0
1,-5.8,GO:0002704,negative regulation of leukocyte mediated immunity,M1,1,0
1,-2.3,GO:0051090,regulation of DNA-binding transcription factor activity,M1,1,0
1,-8.3,GO:0071621,granulocyte chemotaxis,M1,1,0
1,-3.6,GO:0031664,regulation of lipopolysaccharide-mediated signaling pathway,M1,1,0
1,-3.9,GO:0045088,regulation of innate immune response,M1,1,0
1,-4.3,GO:0051345,positive regulation of hydrolase activity,M1,1,0
1,-9,mmu04145,Phagosome,M1,1,0
1,-3.8,GO:1900424,regulation of defense response to bacterium,M1,1,0
1,-9,GO:0002504,antigen processing and presentation of peptide or polysaccharide antigen via MHC class II,M1,1,0
1,-6.8,mmu04380,Osteoclast differentiation,M1,1,0
1,-3.5,GO:1990868,response to chemokine,M1,1,0
1,-3,GO:0002437,inflammatory response to antigenic stimulus,M1,1,0
1,-8,GO:0042116,macrophage activation,M1,1,0
1,-6.6,GO:0050670,regulation of lymphocyte proliferation,M1,1,0
1,-6.3,GO:0050729,positive regulation of inflammatory response,M1,1,0
1,-6.8,GO:0050863,regulation of T cell activation,M1,1,0
1,-3.4,GO:0030888,regulation of B cell proliferation,M1,1,0
1,-2.9,GO:0070665,positive regulation of leukocyte proliferation,M1,1,0
1,-4.6,GO:0042130,negative regulation of T cell proliferation,M1,1,0
1,-2.7,R-MMU-372790,Signaling by GPCR,M1,1,0
1,-3.9,GO:0030852,regulation of granulocyte differentiation,M1,1,0
1,-7.4,mmu05140,Leishmaniasis,M1,1,0
1,-6.2,GO:1902107,positive regulation of leukocyte differentiation,M1,1,0
1,-3.8,GO:0048708,astrocyte differentiation,M1,1,0
1,-16,GO:0001819,positive regulation of cytokine production,M1,1,0
1,-5.5,GO:0022409,positive regulation of cell-cell adhesion,M1,1,0
1,-4.5,GO:0045580,regulation of T cell differentiation,M1,1,0
1,-4.3,WP200,"Complement activation, classical pathway",M1,1,0
1,-3.2,mmu05202,Transcriptional misregulation in cancer,M1,1,0
1,-2,GO:2001259,positive regulation of cation channel activity,M1,1,0
1,-6.8,GO:0033993,response to lipid,M1,1,0
1,-4.7,GO:0090322,regulation of superoxide metabolic process,M1,1,0
1,-15,GO:0050866,negative regulation of cell activation,M1,1,0
1,-2.8,mmu04514,Cell adhesion molecules,M1,1,0
1,-2,GO:0070555,response to interleukin-1,M1,1,0
1,-4.6,GO:1904018,positive regulation of vasculature development,M1,1,0
1,-20,GO:0001775,cell activation,M1,1,0
1,-4.9,GO:0046651,lymphocyte proliferation,M1,1,0
1,-17,GO:0001817,regulation of cytokine production,M1,1,0
1,-4.2,mmu05323,Rheumatoid arthritis,M1,1,0
1,-3.1,GO:1901342,regulation of vasculature development,M1,1,0
1,-3.8,GO:0098543,detection of other organism,M1,1,0
1,-3.8,GO:0048661,positive regulation of smooth muscle cell proliferation,M1,1,0
1,-6.3,GO:0002269,leukocyte activation involved in inflammatory response,M1,1,0
1,-2.5,GO:0045807,positive regulation of endocytosis,M1,1,0
1,-2.3,GO:0050728,negative regulation of inflammatory response,M1,1,0
1,-14,GO:1903555,regulation of tumor necrosis factor superfamily cytokine production,M1,1,0
1,-3.8,GO:0061081,positive regulation of myeloid leukocyte cytokine production involved in immune response,M1,1,0
1,-5.6,GO:0007162,negative regulation of cell adhesion,M1,1,0
1,-5.2,GO:0032651,regulation of interleukin-1 beta production,M1,1,0
1,-21,GO:0045321,leukocyte activation,M1,1,0
1,-3.2,GO:0045670,regulation of osteoclast differentiation,M1,1,0
1,-6,GO:0071222,cellular response to lipopolysaccharide,M1,1,0
1,-6,GO:0002282,microglial cell activation involved in immune response,M1,1,0
1,-5.1,GO:0071346,cellular response to interferon-gamma,M1,1,0
1,-5.9,GO:0040017,positive regulation of locomotion,M1,1,0
1,-2.7,R-MMU-2424491,DAP12 signaling,M1,1,0
1,-5,GO:0032928,regulation of superoxide anion generation,M1,1,0
1,-3.8,GO:0032479,regulation of type I interferon production,M1,1,0
1,-8.6,GO:0050778,positive regulation of immune response,M1,1,0
1,-3.3,R-MMU-500792,GPCR ligand binding,M1,1,0
1,-2.6,GO:0032814,regulation of natural killer cell activation,M1,1,0
1,-2.1,GO:0022411,cellular component disassembly,M1,1,0
1,-12,GO:0002697,regulation of immune effector process,M1,1,0
1,-5.7,R-MMU-173623,Classical antibody-mediated complement activation,M1,1,0
1,-4,GO:0002718,regulation of cytokine production involved in immune response,M1,1,0
1,-4.9,GO:0071223,cellular response to lipoteichoic acid,M1,1,0
1,-3.2,mmu05417,Lipid and atherosclerosis,M1,1,0
1,-6.1,GO:0061900,glial cell activation,M1,1,0
1,-3.9,GO:0002821,positive regulation of adaptive immune response,M1,1,0
1,-5.6,GO:0030097,hemopoiesis,M1,1,0
1,-2.4,mmu04210,Apoptosis,M1,1,0
1,-9.1,mmu04142,Lysosome,M1,1,0
1,-2.9,GO:0032660,regulation of interleukin-17 production,M1,1,0
1,-3.4,GO:1903556,negative regulation of tumor necrosis factor superfamily cytokine production,M1,1,0
1,-2.4,GO:0033077,T cell differentiation in thymus,M1,1,0
1,-4.1,mmu04640,Hematopoietic cell lineage,M1,1,0
1,-4,R-MMU-373076,Class A/1 (Rhodopsin-like receptors),M1,1,0
1,-4.5,GO:0150079,negative regulation of neuroinflammatory response,M1,1,0
1,-2.6,GO:1902903,regulation of supramolecular fiber organization,M1,1,0
1,-6.4,GO:0002820,negative regulation of adaptive immune response,M1,1,0
1,-2.3,GO:0034121,regulation of toll-like receptor signaling pathway,M1,1,0
1,-9.2,GO:0002495,antigen processing and presentation of peptide antigen via MHC class II,M1,1,0
1,-3.9,GO:0019221,cytokine-mediated signaling pathway,M1,1,0
1,-5.1,mmu04620,Toll-like receptor signaling pathway,M1,1,0
1,-3.4,GO:0034113,heterotypic cell-cell adhesion,M1,1,0
1,-3,GO:0006887,exocytosis,M1,1,0
1,-2.3,GO:0051453,regulation of intracellular pH,M1,1,0
1,-9,GO:0030595,leukocyte chemotaxis,M1,1,0
1,-3.6,GO:0002720,positive regulation of cytokine production involved in immune response,M1,1,0
1,-7.6,GO:0050777,negative regulation of immune response,M1,1,0
1,-3.6,R-MMU-2132295,MHC class II antigen presentation,M1,1,0
1,-9.7,GO:0002699,positive regulation of immune effector process,M1,1,0
1,-7.7,GO:0097530,granulocyte migration,M1,1,0
1,-2.7,GO:0045581,negative regulation of T cell differentiation,M1,1,0
1,-3.8,GO:0042102,positive regulation of T cell proliferation,M1,1,0
1,-7,GO:0050900,leukocyte migration,M1,1,0
1,-4,GO:0002221,pattern recognition receptor signaling pathway,M1,1,0
1,-5.2,R-MMU-1236973,Cross-presentation of particulate exogenous antigens (phagosomes),M1,1,0
1,-3.5,GO:0032720,negative regulation of tumor necrosis factor production,M1,1,0
1,-3.9,R-MMU-9013149,RAC1 GTPase cycle,M1,1,0
1,-2.8,WP2292,Chemokine signaling pathway,M1,1,0
1,-6.1,R-MMU-1222556,ROS and RNS production in phagocytes,M1,1,0
1,-4.9,GO:0070391,response to lipoteichoic acid,M1,1,0
1,-4.3,GO:1900426,positive regulation of defense response to bacterium,M1,1,0
1,-4.3,WP5128,Fibrin complement receptor 3 signaling pathway,M1,1,0
1,-3.9,GO:0046638,positive regulation of alpha-beta T cell differentiation,M1,1,0
1,-5.5,GO:0002833,positive regulation of response to biotic stimulus,M1,1,0
1,-6.8,GO:0034341,response to interferon-gamma,M1,1,0
1,-4.1,GO:0002920,regulation of humoral immune response,M1,1,0
1,-4.4,R-MMU-166658,Complement cascade,M1,1,0
1,-7.7,GO:0032653,regulation of interleukin-10 production,M1,1,0
1,-2.5,GO:0032940,secretion by cell,M1,1,0
1,-6.1,GO:0071402,cellular response to lipoprotein particle stimulus,M1,1,0
1,-3.9,GO:0032715,negative regulation of interleukin-6 production,M1,1,0
1,-3.8,GO:0002864,regulation of acute inflammatory response to antigenic stimulus,M1,1,0
1,-3,GO:0033006,regulation of mast cell activation involved in immune response,M1,1,0
1,-4.7,GO:0016064,immunoglobulin mediated immune response,M1,1,0
1,-2.8,GO:0050730,regulation of peptidyl-tyrosine phosphorylation,M1,1,0
1,-3.1,GO:0042832,defense response to protozoan,M1,1,0
1,-6.6,GO:0150146,cell junction disassembly,M1,1,0
1,-5.8,GO:0032652,regulation of interleukin-1 production,M1,1,0
1,-3.7,mmu05134,Legionellosis,M1,1,0
1,-2.7,GO:0032956,regulation of actin cytoskeleton organization,M1,1,0
1,-22,WP3625,Tyrobp causal network in microglia,M1,1,0
1,-4.4,WP1496,Oxidative damage response,M1,1,0
1,-4.2,GO:0043525,positive regulation of neuron apoptotic process,M1,1,0
1,-2.9,mmu05132,Salmonella infection,M1,1,0
1,-9.4,GO:0019886,antigen processing and presentation of exogenous peptide antigen via MHC class II,M1,1,0
1,-7.1,GO:1902105,regulation of leukocyte differentiation,M1,1,0
1,-2,mmu04612,Antigen processing and presentation,M1,1,0
1,-3.7,R-MMU-5668599,RHO GTPases Activate NADPH Oxidases,M1,1,0
1,-7.4,GO:0060627,regulation of vesicle-mediated transport,M1,1,0
1,-9.8,GO:0002478,antigen processing and presentation of exogenous peptide antigen,M1,1,0
1,-26,R-MMU-6798695,Neutrophil degranulation,M1,1,0
1,-8.8,GO:0001818,negative regulation of cytokine production,M1,1,0
1,-7,GO:0002822,regulation of adaptive immune response based on somatic recombination of immune receptors built from immunoglobulin superfamily domains,M1,1,0
1,-7.3,GO:0050867,positive regulation of cell activation,M1,1,0
1,-16,GO:0006954,inflammatory response,M1,1,0
1,-2.9,R-MMU-194138,Signaling by VEGF,M1,1,0
1,-2.6,GO:1900015,regulation of cytokine production involved in inflammatory response,M1,1,0
1,-5.3,GO:0006935,chemotaxis,M1,1,0
1,-5.1,GO:0002667,regulation of T cell anergy,M1,1,0
1,-2.3,GO:0030833,regulation of actin filament polymerization,M1,1,0
1,-3.2,GO:0032722,positive regulation of chemokine production,M1,1,0
1,-2.1,GO:0010921,regulation of phosphatase activity,M1,1,0
1,-6.3,GO:0055094,response to lipoprotein particle,M1,1,0
1,-2.2,GO:0031348,negative regulation of defense response,M1,1,0
1,-3.8,R-MMU-202733,Cell surface interactions at the vascular wall,M1,1,0
1,-2.3,GO:0045089,positive regulation of innate immune response,M1,1,0
1,-3,mmu04061,Viral protein interaction with cytokine and cytokine receptor,M1,1,0
1,-2.2,GO:0002687,positive regulation of leukocyte migration,M1,1,0
1,-2.4,GO:0051047,positive regulation of secretion,M1,1,0
1,-6.4,GO:0070664,negative regulation of leukocyte proliferation,M1,1,0
1,-5.8,GO:0051272,positive regulation of cellular component movement,M1,1,0
1,-5,GO:0036230,granulocyte activation,M1,1,0
1,-6.7,GO:0002696,positive regulation of leukocyte activation,M1,1,0
1,-2.3,GO:0001960,negative regulation of cytokine-mediated signaling pathway,M1,1,0
1,-2.8,mmu05020,Prion disease,M1,1,0
1,-16,GO:0002274,myeloid leukocyte activation,M1,1,0
1,-4,GO:0042554,superoxide anion generation,M1,1,0
1,-5.2,GO:0001810,regulation of type I hypersensitivity,M1,1,0
1,-6.7,GO:0032496,response to lipopolysaccharide,M1,1,0
1,-4,GO:0002824,positive regulation of adaptive immune response based on somatic recombination of immune receptors built from immunoglobulin superfamily domains,M1,1,0
1,-2.6,GO:0002762,negative regulation of myeloid leukocyte differentiation,M1,1,0
1,-3.7,GO:0033003,regulation of mast cell activation,M1,1,0
1,-4.4,GO:0002573,myeloid leukocyte differentiation,M1,1,0
1,-2.1,GO:1903532,positive regulation of secretion by cell,M1,1,0
1,-2.6,GO:0010001,glial cell differentiation,M1,1,0
1,-5.1,GO:0043030,regulation of macrophage activation,M1,1,0
1,-5.3,GO:0042119,neutrophil activation,M1,1,0
1,-7.2,GO:0019882,antigen processing and presentation,M1,1,0
1,-4.5,GO:0002889,regulation of immunoglobulin mediated immune response,M1,1,0
1,-5,mmu05142,Chagas disease,M1,1,0
1,-5.8,mmu05133,Pertussis,M1,1,0
1,-5.6,GO:0050870,positive regulation of T cell activation,M1,1,0
1,-4.9,GO:0002224,toll-like receptor signaling pathway,M1,1,0
1,-2.5,GO:0045620,negative regulation of lymphocyte differentiation,M1,1,0
1,-2.1,GO:0045638,negative regulation of myeloid cell differentiation,M1,1,0
1,-4.7,GO:0019724,B cell mediated immunity,M1,1,0
1,-3.9,GO:1901214,regulation of neuron death,M1,1,0
1,-7.2,GO:0060326,cell chemotaxis,M1,1,0
1,-7.4,GO:0002764,immune response-regulating signaling pathway,M1,1,0
1,-3.4,GO:0046637,regulation of alpha-beta T cell differentiation,M1,1,0
1,-6.6,GO:0050672,negative regulation of lymphocyte proliferation,M1,1,0
1,-2.5,GO:0060760,positive regulation of response to cytokine stimulus,M1,1,0
1,-2.4,GO:0030036,actin cytoskeleton organization,M1,1,0
1,-3.2,GO:0043368,positive T cell selection,M1,1,0
1,-2.5,mmu05415,Diabetic cardiomyopathy,M1,1,0
1,-7,GO:0045637,regulation of myeloid cell differentiation,M1,1,0
1,-8.4,GO:0071216,cellular response to biotic stimulus,M1,1,0
1,-2.3,GO:0071347,cellular response to interleukin-1,M1,1,0
1,-3.2,mmu05322,Systemic lupus erythematosus,M1,1,0
1,-6.8,mmu05150,Staphylococcus aureus infection,M1,1,0
1,-5.1,GO:2001187,"positive regulation of CD8-positive, alpha-beta T cell activation",M1,1,0
1,-4.9,GO:0002707,negative regulation of lymphocyte mediated immunity,M1,1,0
1,-6.2,GO:0030335,positive regulation of cell migration,M1,1,0
1,-4.4,GO:0048247,lymphocyte chemotaxis,M1,1,0
1,-3.2,GO:0060759,regulation of response to cytokine stimulus,M1,1,0
1,-6.6,GO:0002664,regulation of T cell tolerance induction,M1,1,0
1,-2.3,R-MMU-388396,GPCR downstream signalling,M1,1,0
1,-13,GO:0032760,positive regulation of tumor necrosis factor production,M1,1,0
1,-7.3,GO:0031347,regulation of defense response,M1,1,0
1,-8.8,GO:0002819,regulation of adaptive immune response,M1,1,0
1,-2.1,GO:0050853,B cell receptor signaling pathway,M1,1,0
1,-5.8,GO:0002253,activation of immune response,M1,1,0
1,-12,GO:0002275,myeloid cell activation involved in immune response,M1,1,0
1,-5,GO:0050830,defense response to Gram-positive bacterium,M1,1,0
1,-5.1,GO:1901222,regulation of NIK/NF-kappaB signaling,M1,1,0
1,-9.1,GO:0019884,antigen processing and presentation of exogenous antigen,M1,1,0
1,-3.2,R-MMU-109582,Hemostasis,M1,1,0
1,-2.2,R-MMU-6803157,Antimicrobial peptides,M1,1,0
1,-2.6,GO:0002474,antigen processing and presentation of peptide antigen via MHC class I,M1,1,0
1,-2.7,GO:2000106,regulation of leukocyte apoptotic process,M1,1,0
1,-2.3,GO:0032481,positive regulation of type I interferon production,M1,1,0
1,-3,GO:0032689,negative regulation of interferon-gamma production,M1,1,0
1,-2.1,GO:0030029,actin filament-based process,M1,1,0
1,-4.1,mmu04060,Cytokine-cytokine receptor interaction,M1,1,0
1,-2.9,R-MMU-166016,Toll Like Receptor 4 (TLR4) Cascade,M1,1,0
1,-4.8,GO:0045639,positive regulation of myeloid cell differentiation,M1,1,0
1,-2.7,R-MMU-380108,Chemokine receptors bind chemokines,M1,1,0
1,-3.2,GO:0050671,positive regulation of lymphocyte proliferation,M1,1,0
1,-2.8,GO:0006911,"phagocytosis, engulfment",M1,1,0
1,-5.7,GO:0032649,regulation of interferon-gamma production,M1,1,0
1,-5.8,GO:0070661,leukocyte proliferation,M1,1,0
1,-4.5,GO:0046635,positive regulation of alpha-beta T cell activation,M1,1,0
1,-5,GO:0098581,detection of external biotic stimulus,M1,1,0
1,-2.6,GO:0050732,negative regulation of peptidyl-tyrosine phosphorylation,M1,1,0
1,-7.6,GO:0031349,positive regulation of defense response,M1,1,0
1,-5.5,GO:0002705,positive regulation of leukocyte mediated immunity,M1,1,0
1,-4.2,GO:0002637,regulation of immunoglobulin production,M1,1,0
1,-3.3,GO:0002548,monocyte chemotaxis,M1,1,0
1,-2.3,GO:0060761,negative regulation of response to cytokine stimulus,M1,1,0
1,-9.3,GO:0032675,regulation of interleukin-6 production,M1,1,0
1,-2.9,GO:0030832,regulation of actin filament length,M1,1,0
1,-3.2,GO:0045621,positive regulation of lymphocyte differentiation,M1,1,0
1,-9.3,WP2271,Macrophage markers,M1,1,0
1,-6.8,GO:0097529,myeloid leukocyte migration,M1,1,0
1,-3.7,GO:0042063,gliogenesis,M1,1,0
1,-9.8,GO:0002703,regulation of leukocyte mediated immunity,M1,1,0
1,-4.4,GO:0007229,integrin-mediated signaling pathway,M1,1,0
1,-4.4,GO:0043068,positive regulation of programmed cell death,M1,1,0
1,-5.1,GO:0002911,regulation of lymphocyte anergy,M1,1,0
1,-2.4,GO:0032970,regulation of actin filament-based process,M1,1,0
1,-2.6,GO:0001914,regulation of T cell mediated cytotoxicity,M1,1,0
1,-7.3,GO:0051249,regulation of lymphocyte activation,M1,1,0
1,-4.5,GO:2000379,positive regulation of reactive oxygen species metabolic process,M1,1,0
1,-4.9,GO:0051251,positive regulation of lymphocyte activation,M1,1,0
1,-5.2,GO:0022408,negative regulation of cell-cell adhesion,M1,1,0
1,-10,mmu05152,Tuberculosis,M1,1,0
1,-2.6,GO:0010324,membrane invagination,M1,1,0
1,-5.7,GO:0002702,positive regulation of production of molecular mediator of immune response,M1,1,0
1,-3.2,mmu04936,Alcoholic liver disease,M1,1,0
1,-2.3,GO:0031623,receptor internalization,M1,1,0
1,-3.3,R-MMU-3299685,Detoxification of Reactive Oxygen Species,M1,1,0
1,-6,GO:2000147,positive regulation of cell motility,M1,1,0
1,-15,GO:0002695,negative regulation of leukocyte activation,M1,1,0
1,-7.9,GO:1903706,regulation of hemopoiesis,M1,1,0
1,-7.8,GO:0006909,phagocytosis,M1,1,0
1,-2.1,mmu05416,Viral myocarditis,M1,1,0
1,-6.1,GO:0050869,negative regulation of B cell activation,M1,1,0
1,-6.8,GO:0032703,negative regulation of interleukin-2 production,M1,1,0
1,-17,GO:0002683,negative regulation of immune system process,M1,1,0
