_MEMBER_MyList,_LogP_MyList,GO,Description,_PATTERN_,_RANK_,CHILD_GO_MyList
1,-20.77039043192751,GO:0002376,immune system process,M1,1,GO:0045321 leukocyte activation
1,-20.265392389076226,GO:0009987,cellular process,M1,1,GO:0001775 cell activation
1,-16.63120182728802,GO:0032501,multicellular organismal process,M1,1,GO:0001817 regulation of cytokine production
1,-15.793712988911143,GO:0048518,positive regulation of biological process,M1,1,GO:0001819 positive regulation of cytokine production
1,-15.77517807256301,GO:0050896,response to stimulus,M1,1,GO:0006954 inflammatory response
1,-15.338917365254698,GO:0048519,negative regulation of biological process,M1,1,GO:0050866 negative regulation of cell activation
1,-10.811078089502482,GO:0051179,localization,M1,1,GO:0050764 regulation of phagocytosis
1,-9.328441018273857,GO:0044419,biological process involved in interspecies interaction between organisms,M1,1,GO:0002237 response to molecule of bacterial origin
1,-8.993359408273498,GO:0040011,locomotion,M1,1,GO:0030595 leukocyte chemotaxis
1,-8.565813916956142,GO:0008152,metabolic process,M1,1,GO:0045730 respiratory burst
1,-7.746280036816885,GO:0050789,regulation of biological process,M1,1,GO:1903037 regulation of leukocyte cell-cell adhesion
1,-6.034360113771922,GO:0023052,signaling,M1,1,GO:1901224 positive regulation of NIK/NF-kappaB signaling
1,-4.754772876402107,GO:0032502,developmental process,M1,1,GO:0014002 astrocyte development
1,-4.30013195004258,GO:0065007,biological regulation,M1,1,GO:0051345 positive regulation of hydrolase activity
