Network,Annotation
MyList,R-MMU-6798695|Neutrophil degranulation|-24.4;WP3625|Tyrobp causal network in microglia|-18.5;WP3626|Microglia pathogen phagocytosis pathway|-18.4
MyList_MCODE_ALL,GO:0016064|immunoglobulin mediated immune response|-10.7;GO:0019724|B cell mediated immunity|-10.7;GO:0002250|adaptive immune response|-10.5
MyList_SUB1_MCODE_1,GO:0002478|antigen processing and presentation of exogenous peptide antigen|-9.4;GO:0019884|antigen processing and presentation of exogenous antigen|-9.1;GO:0048002|antigen processing and presentation of peptide antigen|-7.9
MyList_SUB2_MCODE_2,R-MMU-173623|Classical antibody-mediated complement activation|-10.3;GO:0098883|synapse pruning|-9.5;R-MMU-166786|Creation of C4 and C2 activators|-9.2
