Cluster,Score,Type,Gene,Symbol,Network
1,1.375,Clustered,14131,Fcgr3,MyList_SUB1
1,1.375,Clustered,15001,H2-Oa,MyList_SUB1
1,1.375,Clustered,12524,Cd86,MyList_SUB1
1,1.375,Clustered,14130,Fcgr2b,MyList_SUB1
1,1.375,Clustered,19264,Ptprc,MyList_SUB1
1,1.375,Seed,56644,Clec7a,MyList_SUB1
1,1.375,Clustered,12010,B2m,MyList_SUB1
1,1.375,Clustered,80891,Fcrls,MyList_SUB1
2,1.5,Seed,12259,C1qa,MyList_SUB2
2,1.5,Clustered,19143,St14,MyList_SUB2
2,1.5,Clustered,12262,C1qc,MyList_SUB2
2,1.5,Clustered,12260,C1qb,MyList_SUB2
