_MEMBER_MyList,_LogP_MyList,GO,_PATTERN_,_RANK_,GiniIndex,Category,CategoryID,Description,PARENT_GO,LogP,Enrichment,Z-score,#TotalGeneInLibrary,#GeneInGO,#GeneInHitList,#GeneInGOAndHitList,%InGO,STDV %InGO,GeneID,Hits,Log(q-value),EvidenceCutoff
1,-10,PGB:00247,M1,1,0,PaGenBase,36,Cell-specific: microglia,,-10,36,17,20641,47,98,8,8.2,2.8,12259|12267|14580|20302|20303|65221|80891|80910,C1qa|C3ar1|Gfap|Ccl3|Ccl4|Slc15a3|Fcrls|Gpr84,-7.3,0
1,-6.6,PGB:00245,M1,1,0,PaGenBase,36,Cell-specific: macrophage unstimulated,,-6.6,13,9.3,20641,133,98,8,8.2,2.8,12267|12475|12523|24088|65221|66102|80910|98365,C3ar1|Cd14|Cd84|Tlr2|Slc15a3|Cxcl16|Gpr84|Slamf9,-4,0
1,-3.7,PGB:00237,M1,1,0,PaGenBase,36,Cell-specific: b220+ b cell,,-3.7,9.2,6.1,20641,114,98,5,5.1,2.2,12493|12524|15001|15900|74096,Cd37|Cd86|H2-Oa|Irf8|Hvcn1,-1.2,0
1,-3.2,PGB:00223,M1,1,0,PaGenBase,36,Tissue-specific: lymph node,,-3.2,5.8,4.9,20641,219,98,6,6.1,2.4,12010|12493|15900|16154|74096|233274,B2m|Cd37|Irf8|Il10ra|Hvcn1|Siglech,-0.93,0
1,-2.8,PGB:00209,M1,1,0,PaGenBase,36,Tissue-specific: embryo,,-2.8,5.8,4.5,20641,182,98,5,5.1,2.2,12394|72318|99543|110006|171285,Runx1|Cyth4|Olfml3|Gusb|Havcr2,-0.61,0
1,-2.5,PGB:00235,M1,1,0,PaGenBase,36,Tissue-specific: bone,,-2.5,10,5,20641,63,98,3,3.1,1.7,12986|13011|14127,Csf3r|Cst7|Fcer1g,-0.41,0
